cpf,nome,dataNascimento
826600539,Juliana Menezes,14/03/1941
895285932,Daniel Torres,26/01/1937
685582861,Patrick Lopes,20/04/1956
193349856,Bianca Machado,28/06/1985
734036506,Bianca Pires,18/10/1981
553035110,Eduardo Rocha,18/03/1993
134126396,Rafael Barros,10/02/1934
131994523,Vanessa Moreira,12/06/1950
200604502,Roberta Alves,18/12/1955
334760738,Beatriz Nascimento,26/09/2006
349817734,Vinícius Santana,26/09/2007
642621108,Leonardo Cardoso,07/02/1964
746412689,Camila Teixeira,05/09/1970
128492780,Bianca Machado,31/10/2004
702632297,Bianca Pires,04/08/1944
313500298,Bianca Pires,15/11/1961
868820204,Sofia Fernandes,15/02/1990
797808098,Camila Teixeira,18/12/1992
853041955,Carlos Teixeira,20/02/1988
685126461,Rafael Barros,25/08/1984
550455977,Bianca Machado,09/05/1945
336696312,Juliana Menezes,01/06/1995
582334538,Letícia Correia,29/08/1944
732719211,Tatiana Monteiro,16/01/1964
398704996,Camila Teixeira,02/06/1987
969119330,Priscila Pereira,20/12/1979
106977991,Vinícius Santana,03/06/1991
914763202,Mateus Azevedo,13/08/2005
965241839,Roberta Alves,14/08/1999
271432881,Carla Dias,20/07/1950
849621470,Bruno Martins,23/03/2002
553778756,Mateus Azevedo,28/12/1965
465341213,Camila Teixeira,09/12/1935
398362082,Sofia Fernandes,19/11/1980
266944844,Alexandre Lima,26/03/1958
331191390,Sofia Fernandes,20/10/1988
919795579,Paulo Brito,30/06/1965
461415646,Fernando Rocha,02/03/1971
209747451,Amanda Pinto,06/10/1953
199585092,Gustavo Ramos,16/02/1952
507943839,Eduarda Nunes,12/05/1980
203848421,Juliana Menezes,28/07/1953
485451171,Eduarda Nunes,12/06/1982
469319644,Renata Dias,19/07/2010
748245888,Bruno Batista,31/10/1965
384027113,Bianca Pires,04/09/1949
966647391,Gustavo Ramos,18/09/1975
146654552,Paulo Brito,26/02/1938
883543540,Guilherme Porto,24/03/1934
593303705,Fernanda Melo,18/09/1943
